Mike Trout,Angels,135,606,475,143,27,3,36,109,98,114,120,9,19,6,0.300,0.441,0.600,1.041,0.431,180,3.0,-0.6,61.1,1.7,8.5,1.2,10155
Mookie Betts,Red Sox,148,674,584,176,42,3,29,115,94,76,91,5,26,8,0.302,0.385,0.535,0.920,0.389,144,5.3,13.8,40.6,6.8,7.2,1.9,13611
Jose Ramirez,Indians,150,663,571,162,40,3,28,97,99,79,77,6,24,9,0.284,0.374,0.513,0.887,0.375,135,3.7,3.0,31.1,5.5,6.0,3.9,13510
J.D. Martinez,Red Sox,137,599,528,157,32,2,36,93,109,62,148,4,4,2,0.297,0.372,0.568,0.940,0.393,147,-2.3,-1.1,31.0,-15.8,3.6,6.1,6184
Christian Yelich,Brewers,145,650,563,167,34,4,27,97,87,73,133,6,15,5,0.297,0.381,0.515,0.896,0.382,140,2.5,1.6,34.0,-5.1,5.1,7.7,11477
Francisco Lindor,Indians,145,662,586,167,36,2,30,101,89,62,88,6,20,8,0.286,0.357,0.505,0.863,0.366,129,1.0,9.6,24.0,16.8,6.4,7.8,12916
Nolan Arenado,Rockies,150,660,586,167,37,3,37,98,109,64,113,4,3,2,0.286,0.357,0.548,0.906,0.379,124,0.0,3.7,19.2,6.2,4.8,8.1,9777
Trea Turner,Nationals,145,664,594,170,32,6,17,96,68,55,119,5,41,12,0.287,0.350,0.447,0.797,0.344,113,5.0,0.4,15.8,7.7,4.6,8.2,16252
Ronald Acuna Jr.,Braves,144,655,583,163,31,4,28,95,82,57,159,6,24,10,0.279,0.347,0.491,0.837,0.358,123,1.5,-3.1,20.1,-9.5,3.2,8.7,18401
Alex Bregman,Astros,149,661,568,159,40,2,26,98,92,76,87,9,11,5,0.279,0.370,0.494,0.865,0.371,140,0.9,-3.7,32.4,-1.2,5.5,13.2,17678
Jose Altuve,Astros,147,660,589,178,36,3,17,91,82,56,86,8,18,6,0.303,0.368,0.460,0.829,0.357,130,0.6,-3.8,24.4,-1.3,4.6,15.6,5417
Manny Machado,Padres,146,645,574,160,30,3,33,88,94,61,104,3,9,4,0.279,0.350,0.513,0.862,0.362,130,-0.6,6.4,23.2,8.9,5.4,15.7,11493
Javier Baez,Cubs,147,631,585,158,30,5,29,81,96,33,160,6,17,7,0.269,0.313,0.488,0.801,0.335,110,2.2,-1.4,9.7,3.5,3.4,15.8,12979
Aaron Judge,Yankees,141,628,521,131,22,1,36,96,92,94,191,6,7,3,0.251,0.368,0.501,0.870,0.371,135,0.5,4.8,26.6,-2.3,4.6,17.8,15640
Trevor Story,Rockies,142,610,549,149,34,4,30,85,96,50,167,5,18,7,0.271,0.335,0.515,0.850,0.359,111,1.0,-1.8,8.9,5.3,3.4,18.0,12564
Bryce Harper,Phillies,141,622,503,134,27,1,34,93,93,109,140,4,10,5,0.267,0.399,0.528,0.927,0.390,148,0.7,-2.5,36.4,-9.6,4.8,19.6,11579
Paul Goldschmidt,Cardinals,149,657,551,153,31,3,27,92,89,93,151,7,11,4,0.277,0.385,0.489,0.874,0.372,136,1.6,2.4,30.6,-9.9,4.3,20.0,9218
Freddie Freeman,Braves,148,654,561,161,37,3,27,91,92,79,132,8,8,4,0.286,0.379,0.506,0.885,0.374,134,0.4,5.3,27.5,-7.0,4.2,20.4,5361
Giancarlo Stanton,Yankees,140,611,532,142,25,1,45,96,114,67,174,7,3,1,0.267,0.354,0.569,0.923,0.386,145,-0.4,1.8,32.5,-10.2,4.4,23.6,4949
Charlie Blackmon,Rockies,148,681,606,174,30,7,26,103,79,56,128,10,13,5,0.287,0.354,0.487,0.841,0.359,111,1.5,-2.7,10.2,-9.0,2.3,27.6,7859
Andrew Benintendi,Red Sox,145,663,578,165,39,4,18,101,76,70,102,5,18,7,0.286,0.366,0.464,0.830,0.357,122,1.5,1.6,19.2,-5.0,3.7,28.7,17901
Whit Merrifield,Royals,145,664,603,166,37,3,12,82,60,46,111,5,30,10,0.275,0.330,0.406,0.736,0.320,100,3.1,-0.2,2.8,2.2,2.8,31.1,11281
Juan Soto,Nationals,141,613,517,151,29,2,28,89,89,86,114,3,7,3,0.292,0.393,0.517,0.910,0.386,141,0.7,-2.2,31.7,-9.3,4.3,33.0,20123
Kris Bryant,Cubs,143,636,534,147,32,3,28,94,87,80,138,15,7,3,0.275,0.382,0.504,0.886,0.378,138,2.8,-1.0,32.6,1.4,5.6,34.5,15429
Starling Marte,Pirates,141,630,575,162,31,4,17,81,69,35,119,12,34,12,0.282,0.334,0.441,0.776,0.334,111,2.6,-1.1,10.9,1.2,3.3,34.8,9241
Anthony Rizzo,Cubs,146,648,546,154,32,2,30,95,93,78,90,17,7,3,0.281,0.385,0.511,0.896,0.379,139,-1.5,3.8,29.5,-8.4,4.3,35.2,3473
Vladimir Guerrero Jr.,Blue Jays,125,548,492,150,30,2,22,75,78,46,71,5,5,2,0.306,0.368,0.511,0.879,0.374,138,0.2,0.0,25.2,2.1,4.7,40.0,sa920245
Rhys Hoskins,Phillies,149,652,555,138,28,1,36,90,98,82,145,8,5,3,0.249,0.351,0.500,0.851,0.364,129,1.1,1.9,24.4,-10.5,3.6,41.4,16472
Adalberto Mondesi,Royals,139,599,558,141,27,6,21,74,71,30,152,4,41,13,0.253,0.292,0.436,0.729,0.311,94,4.1,1.9,-0.4,8.9,2.9,41.8,13769
Khris Davis,Athletics,148,640,564,135,27,1,39,87,104,63,182,8,1,1,0.240,0.323,0.500,0.823,0.349,123,-1.9,0.0,16.0,-17.3,2.0,43.0,9112
Anthony Rendon,Nationals,139,610,530,152,37,2,22,82,83,68,93,7,5,2,0.287,0.373,0.487,0.859,0.368,130,1.5,4.9,23.5,7.2,5.1,43.9,12861
Cody Bellinger,Dodgers,148,631,551,141,27,4,31,84,95,71,146,4,11,4,0.257,0.343,0.493,0.835,0.352,125,1.4,2.5,20.7,-4.9,3.7,45.6,15998
Xander Bogaerts,Red Sox,143,617,549,157,35,3,19,83,84,55,108,6,9,4,0.286,0.355,0.465,0.820,0.352,118,1.9,-2.5,15.4,4.7,4.2,49.0,12161
Carlos Correa,Astros,134,583,506,134,29,2,23,78,83,67,120,4,4,2,0.265,0.352,0.466,0.818,0.351,126,0.9,-2.2,19.2,4.5,4.4,50.8,14162
J.T. Realmuto,Phillies,126,541,493,133,27,2,20,65,72,35,109,8,5,2,0.269,0.325,0.457,0.782,0.335,110,1.2,2.5,7.8,13.0,3.9,53.7,11739
Eugenio Suarez,Reds,148,638,552,142,26,2,29,82,91,71,149,9,4,2,0.257,0.348,0.466,0.815,0.349,117,-1.0,-1.9,12.4,0.6,3.4,55.1,12552
Tommy Pham,Rays,138,611,525,134,22,4,21,77,74,73,160,7,16,6,0.256,0.352,0.430,0.782,0.341,118,2.2,3.4,15.4,-3.7,3.3,57.1,2967
Ozzie Albies,Braves,146,631,577,158,33,5,19,78,76,41,104,5,15,6,0.273,0.324,0.449,0.774,0.332,106,2.3,4.2,6.9,6.7,3.5,57.9,16556
Gary Sanchez,Yankees,118,502,444,109,20,1,28,68,78,46,118,6,2,1,0.245,0.322,0.483,0.805,0.344,116,-0.4,-1.5,9.4,5.4,3.2,59.6,11442
Lorenzo Cain,Brewers,136,624,552,157,28,3,14,84,59,57,106,6,21,6,0.284,0.356,0.422,0.778,0.339,111,2.4,3.3,10.7,5.6,3.7,59.9,9077
Gleyber Torres,Yankees,140,568,505,130,22,2,22,70,73,51,130,5,9,4,0.257,0.329,0.438,0.767,0.330,107,-0.2,-5.3,4.7,-2.4,2.2,62.7,16997
Jean Segura,Phillies,146,654,601,171,31,3,14,80,64,36,88,7,20,8,0.284,0.330,0.415,0.745,0.322,101,1.3,-5.8,2.4,1.5,2.5,63.7,5933
George Springer,Astros,136,627,540,142,27,1,26,92,74,69,128,8,8,3,0.263,0.353,0.460,0.814,0.352,127,0.8,-2.5,21.2,-4.2,3.9,65.2,12856
Joey Votto,Reds,146,648,523,145,28,2,22,91,80,112,105,8,3,1,0.278,0.409,0.464,0.873,0.378,136,-3.9,0.3,24.7,-11.9,3.4,68.2,4314
David Dahl,Rockies,133,569,520,141,27,4,22,72,80,39,136,3,11,5,0.270,0.323,0.467,0.791,0.335,95,0.9,0.3,-2.8,-4.8,1.1,69.2,13744
Daniel Murphy,Rockies,139,607,551,169,38,3,22,85,84,43,75,5,3,1,0.307,0.360,0.506,0.867,0.367,116,-0.7,-1.0,10.9,-12.5,1.8,71.0,4316
Matt Carpenter,Cardinals,139,639,526,132,33,1,24,94,69,97,140,7,4,2,0.251,0.373,0.458,0.831,0.356,126,0.0,-7.5,19.9,-5.6,3.6,71.3,8090
Marcell Ozuna,Cardinals,141,609,554,160,26,3,27,77,93,47,116,4,2,1,0.288,0.345,0.492,0.837,0.357,126,0.3,2.4,19.7,-4.7,3.5,78.9,10324
Miguel Andujar,Yankees,138,570,529,148,32,2,24,72,82,29,88,5,4,2,0.279,0.321,0.481,0.801,0.341,115,0.6,-5.5,10.5,-9.5,2.0,79.1,15878
Yasiel Puig,Reds,136,575,507,140,29,2,27,77,86,57,113,5,15,7,0.276,0.351,0.501,0.853,0.363,126,-0.7,0.6,17.5,-5.7,3.1,79.8,14225
Jesus Aguilar,Brewers,136,583,518,125,24,1,28,71,83,53,154,6,1,0,0.242,0.317,0.454,0.771,0.330,105,-1.0,1.1,2.5,-10.2,1.1,81.5,11342
Jonathan Villar,Orioles,103,446,398,100,18,1,12,52,43,39,117,3,24,7,0.250,0.319,0.389,0.709,0.310,94,1.6,-6.3,-1.6,-3.3,1.0,82.6,10071
Corey Seager,Dodgers,140,634,558,158,35,2,23,91,75,62,115,6,4,2,0.284,0.359,0.478,0.836,0.358,129,1.5,3.3,23.8,10.4,5.6,83.4,13624
Jose Abreu,White Sox,143,626,568,159,33,2,28,80,92,41,121,12,2,1,0.280,0.339,0.495,0.835,0.353,126,-1.7,-1.4,17.4,-16.2,2.2,87.7,15676
Eddie Rosario,Twins,141,622,578,160,33,2,25,80,86,34,116,2,8,4,0.277,0.318,0.470,0.788,0.334,109,2.8,1.7,9.4,-5.4,2.5,88.4,12155
Scooter Gennett,Reds,141,608,557,146,28,3,19,70,76,40,129,4,4,2,0.262,0.314,0.427,0.741,0.318,97,-0.6,-4.9,-3.2,-2.6,1.4,88.5,10339
Nicholas Castellanos,Tigers,147,642,582,161,37,5,24,80,89,48,142,6,3,2,0.276,0.335,0.479,0.814,0.346,119,-0.6,-9.4,14.1,-16.7,1.9,93.7,11737
Jose Peraza,Reds,146,631,584,164,27,4,11,72,63,30,75,8,22,8,0.281,0.322,0.398,0.720,0.312,92,2.0,-1.7,-4.1,5.6,2.2,94.4,13593
Mitch Haniger,Mariners,145,646,568,147,30,3,23,81,80,61,143,10,7,3,0.260,0.339,0.445,0.785,0.339,119,-0.5,-0.3,14.0,-6.9,2.9,95.0,14274
Nelson Cruz,Twins,140,606,533,150,25,1,35,87,102,58,132,10,1,1,0.282,0.361,0.533,0.894,0.378,139,-3.1,0.0,25.2,-16.4,3.0,96.2,2434
Justin Upton,Angels,140,604,530,129,25,1,28,77,86,63,180,6,7,3,0.243,0.327,0.453,0.781,0.336,115,1.0,-2.3,12.1,-9.2,2.3,97.2,5222
Mallex Smith,Mariners,141,642,572,150,27,7,6,78,49,54,128,6,40,14,0.263,0.331,0.366,0.697,0.308,98,3.7,-3.1,1.9,-0.8,2.3,98.8,13608
Travis Shaw,Brewers,140,599,524,130,27,1,27,75,85,65,128,5,5,2,0.249,0.334,0.457,0.791,0.338,110,-0.5,-1.7,7.0,0.1,2.7,99.4,11982
Victor Robles,Nationals,133,562,506,138,28,4,12,66,59,38,101,11,26,12,0.274,0.335,0.417,0.752,0.326,102,0.5,0.5,1.6,0.9,2.1,99.9,18363
Josh Donaldson,Braves,126,557,469,121,25,1,26,78,74,76,121,5,4,1,0.257,0.364,0.479,0.843,0.362,126,0.1,2.5,17.8,4.6,4.1,102.5,5038
Max Muncy,Dodgers,128,550,467,110,20,2,23,69,70,72,143,6,3,1,0.236,0.342,0.431,0.773,0.334,113,0.4,0.7,9.2,-9.0,1.8,102.9,13301
Joey Gallo,Rangers,141,593,502,113,21,2,39,83,94,78,200,6,6,3,0.225,0.334,0.507,0.841,0.357,119,2.0,2.2,15.4,-3.3,3.3,105.7,14128
Justin Turner,Dodgers,135,593,516,148,33,1,21,78,80,59,85,13,4,2,0.286,0.370,0.476,0.846,0.364,133,-0.3,-0.1,23.5,2.1,4.6,107.9,5235
Matt Chapman,Athletics,144,631,558,139,33,4,28,83,87,60,163,6,4,2,0.249,0.326,0.470,0.797,0.341,118,1.6,4.5,15.3,6.9,4.4,109.5,16505
Dee Gordon,Mariners,136,570,535,147,21,6,4,61,47,20,83,7,32,10,0.275,0.307,0.357,0.664,0.290,86,3.9,-1.0,-5.9,1.3,1.5,110.1,8203
Michael Conforto,Mets,141,606,518,126,26,1,27,75,80,74,148,8,4,2,0.244,0.345,0.454,0.799,0.343,120,1.1,1.1,16.1,-5.8,3.0,111.4,16376
Wil Myers,Padres,135,591,519,125,27,2,23,73,72,61,156,4,17,6,0.241,0.323,0.436,0.759,0.327,107,1.7,0.9,6.8,-6.1,2.0,113.3,10047
Matt Olson,Athletics,149,633,548,134,28,1,33,84,93,72,155,6,2,1,0.244,0.337,0.478,0.814,0.348,123,-0.8,5.2,16.6,-7.2,3.1,113.7,14344
A.J. Pollock,Dodgers,127,565,508,128,28,3,19,73,64,42,110,7,16,5,0.252,0.316,0.433,0.748,0.322,105,1.9,-0.5,5.3,1.6,2.6,114.5,9256
Michael Brantley,Astros,134,569,512,144,30,2,16,72,72,46,67,5,9,3,0.282,0.344,0.445,0.790,0.341,119,0.8,-1.3,14.0,-11.5,2.2,119.0,4106
Eloy Jimenez,White Sox,128,550,505,148,28,2,24,70,82,35,99,4,2,1,0.293,0.341,0.502,0.843,0.358,129,0.3,0.0,19.3,-7.1,3.1,120.3,sa830373
Salvador Perez,Royals,128,540,507,128,26,1,25,61,75,20,109,8,2,1,0.252,0.288,0.453,0.741,0.315,97,-2.6,7.4,-4.7,16.4,3.0,120.8,7304
Aaron Hicks,Yankees,134,586,500,124,23,2,21,79,70,75,115,4,10,4,0.247,0.348,0.430,0.778,0.339,113,1.9,-0.8,11.2,1.4,3.3,123.7,5297
Jurickson Profar,Athletics,109,461,407,105,23,3,12,55,52,41,69,7,6,2,0.259,0.334,0.420,0.754,0.328,109,0.6,-1.2,5.6,0.7,2.2,128.4,10815
Edwin Encarnacion,Mariners,123,529,454,108,17,1,28,68,78,65,121,5,2,1,0.238,0.337,0.463,0.800,0.344,123,-2.8,-0.3,11.5,-14.0,1.5,129.4,2151
Robinson Cano,Mets,140,617,557,155,31,1,22,74,80,48,87,6,1,1,0.278,0.339,0.457,0.796,0.340,119,-1.9,-0.5,12.2,0.3,3.3,129.8,3269
Tim Anderson,White Sox,147,620,582,147,28,3,17,67,66,26,153,4,21,7,0.253,0.287,0.398,0.685,0.294,85,1.5,-5.2,-9.4,2.1,1.3,132.1,15172
Wilson Ramos,Mets,96,408,375,98,17,1,16,45,55,27,74,2,1,0,0.261,0.312,0.439,0.751,0.322,106,-2.9,1.6,0.2,9.6,2.3,132.3,1433
Yasmani Grandal,Brewers,118,488,414,98,19,1,23,60,66,66,122,3,2,1,0.237,0.344,0.453,0.797,0.345,115,-2.7,0.1,6.1,10.0,3.3,132.4,11368
Brian Dozier,Nationals,124,525,459,111,24,2,20,63,67,55,108,5,9,4,0.242,0.327,0.433,0.761,0.328,103,1.4,-2.3,3.5,-0.2,2.0,135.0,9810
Ender Inciarte,Braves,146,618,560,154,26,4,9,67,58,45,83,4,23,9,0.274,0.331,0.385,0.716,0.312,93,2.5,2.6,-2.9,5.1,2.2,135.5,4922
Rougned Odor,Rangers,149,631,573,143,28,3,28,78,84,42,141,8,16,8,0.249,0.307,0.453,0.760,0.324,97,1.6,-2.0,-0.7,0.5,2.1,137.1,12282
David Peralta,Diamondbacks,113,499,447,126,24,4,18,64,60,40,97,5,4,2,0.281,0.344,0.470,0.814,0.348,117,0.6,-1.2,10.7,-6.8,2.0,137.2,2136
Ian Desmond,Rockies,115,479,433,116,19,4,16,56,63,37,114,5,14,5,0.267,0.329,0.445,0.775,0.334,93,1.1,-3.1,-2.8,-3.4,0.9,142.1,6885
Amed Rosario,Mets,141,571,529,138,25,6,10,57,56,30,109,4,21,9,0.262,0.304,0.391,0.695,0.299,91,1.9,-1.6,-4.2,5.4,2.0,143.0,15518
Willson Contreras,Cubs,115,474,415,106,22,3,14,53,58,47,103,7,4,2,0.257,0.340,0.427,0.766,0.333,108,-1.8,0.2,2.8,9.8,2.8,143.4,11609
Andrew McCutchen,Phillies,137,597,509,134,26,2,26,80,78,75,130,7,11,5,0.263,0.362,0.474,0.836,0.360,127,-0.8,-3.0,18.6,-9.9,2.8,144.4,9847
Yadier Molina,Cardinals,123,510,468,125,24,1,14,54,61,30,71,6,5,2,0.266,0.317,0.414,0.731,0.316,99,-2.8,5.0,-3.6,14.6,2.8,146.8,7007
Buster Posey,Giants,124,542,477,137,27,1,12,62,61,55,67,5,4,2,0.287,0.364,0.427,0.791,0.342,117,-1.8,6.2,9.4,15.2,4.3,147.2,9166
Rafael Devers,Red Sox,129,529,480,130,30,1,22,68,76,41,118,2,6,3,0.271,0.329,0.477,0.805,0.341,111,0.8,-2.5,7.8,-0.4,2.6,151.9,17350
Mike Moustakas,Brewers,135,574,521,136,26,1,30,73,88,43,95,5,3,1,0.261,0.321,0.489,0.809,0.342,113,-2.0,-4.1,7.1,-1.9,2.4,155.0,4892
Billy Hamilton,Royals,127,527,476,115,18,8,5,57,40,41,110,2,35,9,0.241,0.302,0.342,0.643,0.283,75,5.8,4.4,-10.0,6.5,1.4,155.3,10199
Stephen Piscotty,Athletics,141,601,530,138,33,1,21,75,75,55,121,10,4,2,0.261,0.339,0.448,0.787,0.340,117,-1.3,-1.7,11.3,-8.8,2.3,155.8,13367
Nomar Mazara,Rangers,143,614,550,149,27,2,25,77,87,52,121,6,2,1,0.271,0.337,0.463,0.801,0.343,110,-0.8,-0.2,6.2,-7.4,2.0,158.1,14553
Yoan Moncada,White Sox,142,631,548,129,25,4,19,76,63,70,187,4,16,6,0.236,0.324,0.398,0.722,0.315,100,1.9,-1.7,1.6,0.6,2.4,163.1,17232
Miguel Cabrera,Tigers,128,562,488,138,28,1,22,73,77,65,112,4,1,1,0.283,0.368,0.480,0.849,0.361,129,-3.7,-0.1,15.9,-11.6,2.4,165.3,1744
Brandon Nimmo,Mets,137,618,517,124,25,5,16,77,55,81,158,12,10,4,0.240,0.353,0.398,0.750,0.331,113,1.2,-1.5,10.6,-6.8,2.4,165.3,12927
Cesar Hernandez,Phillies,137,605,519,133,21,4,9,71,48,73,123,4,14,6,0.256,0.350,0.365,0.715,0.317,98,0.9,-1.4,-0.5,0.9,2.0,169.7,10556
Shohei Ohtani,Angels,107,460,404,110,21,2,24,65,73,48,123,4,9,4,0.273,0.354,0.516,0.869,0.369,138,0.5,0.0,21.5,-12.5,2.5,171.8,19755
Byron Buxton,Twins,121,486,441,108,22,3,15,58,55,33,137,4,17,5,0.244,0.301,0.410,0.711,0.306,90,3.7,6.1,-2.1,8.1,2.3,173.4,14161
Harrison Bader,Cardinals,133,547,493,121,22,2,16,58,62,37,150,9,14,6,0.246,0.308,0.399,0.707,0.306,92,2.3,4.6,-2.9,6.3,2.1,175.7,18030
Eric Hosmer,Padres,150,657,583,155,29,2,22,77,79,66,131,2,6,3,0.265,0.339,0.433,0.773,0.332,110,-1.3,0.6,6.7,-11.9,1.6,176.1,3516
Elvis Andrus,Rangers,115,499,454,121,26,3,9,56,52,35,74,4,11,5,0.266,0.322,0.394,0.715,0.312,88,1.4,-3.5,-5.6,2.2,1.3,177.7,8709
Eduardo Escobar,Diamondbacks,139,608,549,138,34,4,18,70,68,47,124,5,4,2,0.252,0.315,0.428,0.743,0.317,96,0.5,0.2,-2.6,2.8,2.0,180.8,6153
Ramon Laureano,Athletics,124,528,470,118,25,3,15,65,57,45,133,6,16,6,0.252,0.322,0.415,0.737,0.320,104,2.0,2.3,4.5,4.4,2.7,183.1,17128
Jonathan Schoop,Twins,127,525,488,130,28,1,23,63,73,24,113,6,2,1,0.266,0.307,0.469,0.776,0.330,106,-0.8,-2.1,3.1,0.0,2.1,184.3,11265
Paul DeJong,Cardinals,130,549,499,126,27,1,23,65,75,36,136,8,2,1,0.253,0.311,0.449,0.761,0.326,105,0.3,2.2,3.7,8.7,3.1,186.0,18015
Austin Meadows,Rays,124,507,465,123,27,2,16,57,62,32,92,4,14,6,0.265,0.315,0.436,0.751,0.322,105,0.9,-1.9,4.0,-8.5,1.3,189.8,15672
Luke Voit,Yankees,112,455,403,106,19,1,19,57,62,40,103,6,1,1,0.263,0.336,0.458,0.794,0.342,115,0.3,0.2,8.3,-9.6,1.4,193.0,14811
Yuli Gurriel,Astros,128,528,493,140,32,1,14,60,67,22,65,6,4,2,0.283,0.320,0.437,0.757,0.326,109,-1.1,-3.9,4.7,-14.1,0.8,193.5,19198
Hunter Renfroe,Padres,100,427,393,97,20,1,21,50,62,26,108,4,2,1,0.246,0.297,0.463,0.760,0.322,104,0.0,-2.1,2.0,-8.7,0.7,194.4,15464
Garrett Hampson,Rockies,77,347,312,91,16,3,5,47,31,28,55,2,16,6,0.291,0.351,0.417,0.768,0.334,94,1.1,0.5,-1.4,-0.2,1.0,196.5,19262
Danny Jansen,Blue Jays,99,407,358,92,20,1,12,48,47,36,63,7,3,1,0.256,0.335,0.423,0.758,0.329,108,0.4,-1.7,4.2,6.5,2.5,200.1,16535
Jesse Winker,Reds,128,552,473,134,26,1,15,70,61,68,85,4,3,1,0.284,0.377,0.439,0.816,0.354,120,-0.5,-5.7,13.3,-12.1,1.9,201.0,13590
Joey Wendle,Rays,94,401,370,94,20,3,6,41,40,21,81,5,8,3,0.255,0.303,0.374,0.676,0.293,85,0.5,1.3,-6.5,2.8,1.0,202.1,13853
Carlos Santana,Indians,147,634,528,133,29,2,25,86,84,95,92,4,3,1,0.251,0.367,0.453,0.820,0.354,121,-0.6,0.0,15.3,-16.5,2.0,203.2,2396
Adam Eaton,Nationals,129,576,500,141,29,2,10,74,53,56,102,11,11,4,0.283,0.366,0.412,0.777,0.342,112,1.9,0.3,10.3,-6.1,2.3,204.0,11205
Ryan Braun,Brewers,118,509,457,121,25,2,23,66,73,43,100,4,11,5,0.265,0.330,0.476,0.807,0.342,113,-1.1,-2.0,6.9,-7.8,1.6,204.9,3410
Corey Dickerson,Pirates,106,454,421,116,26,3,16,55,58,24,89,3,5,2,0.275,0.317,0.466,0.782,0.331,109,-0.5,0.9,4.4,-4.4,1.5,205.7,10762
Yan Gomes,Nationals,77,304,278,67,14,0,11,31,37,18,81,5,1,0,0.241,0.295,0.408,0.703,0.303,86,-0.2,1.8,-5.3,8.2,1.3,210.9,9627
Kyle Schwarber,Cubs,133,555,466,112,18,2,29,73,80,79,153,4,5,2,0.241,0.354,0.478,0.832,0.350,120,0.8,4.2,14.0,-2.5,3.0,211.2,16478
Jose Martinez,Cardinals,97,405,363,105,20,1,12,48,50,35,75,2,3,1,0.288,0.350,0.441,0.792,0.343,117,-0.1,-2.3,8.2,-8.1,1.3,214.4,7996
Miguel Sano,Twins,127,545,474,112,22,1,27,70,77,62,187,3,1,0,0.236,0.327,0.456,0.782,0.336,110,-1.5,-2.1,5.2,-1.2,2.3,222.9,12164
Willy Adames,Rays,143,599,531,132,22,4,13,63,61,57,152,4,10,5,0.248,0.323,0.381,0.703,0.307,95,1.0,-4.6,-2.5,2.6,2.0,223.7,15986
Franmil Reyes,Padres,127,545,488,123,21,1,26,65,75,48,139,3,2,1,0.251,0.320,0.458,0.779,0.333,111,0.2,-3.0,7.3,-9.3,1.6,224.5,14566
Marcus Semien,Athletics,146,615,549,138,30,2,18,72,68,54,122,2,12,4,0.251,0.319,0.410,0.728,0.316,101,1.0,-6.5,1.8,0.8,2.4,225.0,12533
Ketel Marte,Diamondbacks,145,642,573,160,31,9,13,78,62,56,87,4,9,3,0.280,0.346,0.433,0.779,0.336,108,0.6,-0.2,7.2,2.6,3.1,226.0,13613
Jackie Bradley Jr.,Red Sox,134,528,462,115,27,3,16,66,63,50,129,8,11,4,0.248,0.329,0.421,0.751,0.324,100,2.0,3.5,1.9,5.7,2.6,228.8,12984
Jorge Polanco,Twins,142,640,577,157,32,5,14,82,66,50,104,4,15,7,0.272,0.333,0.420,0.752,0.326,103,0.7,-5.9,3.4,1.3,2.6,230.0,13152
Chris Taylor,Dodgers,142,607,539,134,31,5,14,69,61,54,160,6,12,5,0.248,0.321,0.401,0.722,0.315,100,2.5,0.5,2.5,2.4,2.5,230.2,13757
Welington Castillo,White Sox,77,317,289,70,12,0,12,34,38,21,85,3,1,1,0.241,0.297,0.410,0.706,0.305,93,-1.1,2.0,-3.9,8.4,1.5,233.9,3256
Justin Smoak,Blue Jays,137,592,510,122,26,1,26,74,80,73,149,4,1,1,0.239,0.336,0.448,0.784,0.338,114,-2.4,0.7,7.6,-10.7,1.7,234.1,9054
Nick Senzel,Reds,86,356,319,88,20,2,10,41,43,29,75,2,8,4,0.276,0.339,0.448,0.787,0.338,110,0.3,0.0,4.6,1.1,1.7,234.2,sa873264
Jorge Alfaro,Marlins,106,421,386,92,18,2,11,36,42,21,134,8,2,1,0.237,0.288,0.376,0.664,0.285,81,-0.1,-1.9,-9.9,7.0,1.1,236.3,12180
Andrelton Simmons,Angels,142,602,550,152,28,3,11,67,64,40,55,4,10,4,0.277,0.328,0.399,0.727,0.316,102,0.0,10.4,1.3,17.5,4.0,237.5,10847
Odubel Herrera,Phillies,140,584,528,141,27,3,17,64,68,43,122,6,8,3,0.267,0.327,0.426,0.753,0.324,102,1.0,0.9,2.7,-2.4,1.9,240.1,11476
Robinson Chirinos,Astros,72,283,245,49,10,1,11,32,33,27,91,8,1,1,0.201,0.297,0.380,0.677,0.298,90,-1.1,-0.4,-4.3,5.5,1.1,240.7,3142
Trey Mancini,Orioles,144,621,566,148,26,3,24,71,81,43,150,6,1,1,0.261,0.318,0.444,0.761,0.327,106,0.0,-7.2,4.2,-15.4,0.9,241.2,15149
Asdrubal Cabrera,Rangers,106,461,416,113,25,1,15,58,57,35,84,4,2,1,0.271,0.332,0.445,0.777,0.334,104,-1.3,0.1,0.7,1.8,1.8,242.0,4962
Jake Bauers,Indians,142,599,517,127,29,1,19,72,73,71,137,5,16,8,0.245,0.339,0.415,0.754,0.329,104,1.3,0.8,4.0,-11.3,1.3,242.4,15194
Mike Zunino,Rays,83,323,288,60,12,0,15,36,41,25,109,5,1,0,0.209,0.283,0.410,0.693,0.300,90,-0.5,1.6,-4.3,8.5,1.5,242.9,13265
DJ LeMahieu,Yankees,127,533,478,129,22,2,10,62,55,44,79,4,7,3,0.269,0.333,0.388,0.721,0.316,97,-0.4,4.3,-2.2,4.1,2.0,243.5,9874
Marwin Gonzalez,,133,541,484,126,27,2,17,59,65,45,118,5,5,2,0.260,0.327,0.428,0.755,0.325,104,-0.6,2.2,2.0,-4.4,1.6,245.2,5497
Willians Astudillo,Twins,45,186,176,51,9,1,5,21,23,6,13,2,3,1,0.291,0.320,0.442,0.762,0.327,104,0.1,-0.2,1.0,1.3,0.9,246.0,15608
Gregory Polanco,Pirates,85,363,321,83,18,2,13,44,47,36,73,2,7,3,0.259,0.335,0.454,0.789,0.337,113,0.6,0.8,6.2,-3.4,1.5,247.6,12907
Domingo Santana,Mariners,133,555,481,114,23,1,19,62,63,63,181,5,6,3,0.237,0.328,0.405,0.734,0.320,106,0.8,-3.5,5.0,-10.2,1.3,247.6,10348
Max Kepler,Twins,142,593,520,132,30,3,20,72,73,61,104,5,7,3,0.255,0.336,0.443,0.780,0.336,110,1.6,4.0,8.9,-2.8,2.6,256.0,12144
Randal Grichuk,Blue Jays,132,563,514,125,32,2,30,72,85,37,158,6,5,2,0.243,0.298,0.490,0.788,0.333,110,1.0,1.7,8.0,-4.0,2.3,258.4,10243
Tyler White,Astros,123,497,436,109,21,2,19,60,64,49,108,5,3,1,0.249,0.329,0.436,0.765,0.331,113,0.2,-0.2,7.8,-13.7,1.1,259.2,15564
Lourdes Gurriel Jr.,Blue Jays,106,472,441,117,22,1,16,57,52,19,98,5,6,2,0.266,0.301,0.428,0.729,0.313,97,0.3,-2.3,-1.7,2.2,1.7,259.4,19238
Francisco Mejia,Padres,78,325,300,74,15,1,9,32,35,18,65,3,1,1,0.247,0.294,0.394,0.688,0.297,87,0.3,-0.4,-4.9,4.8,1.0,262.6,16403
C.J. Cron,Twins,123,520,470,123,26,1,25,67,77,34,123,10,3,1,0.261,0.323,0.482,0.804,0.343,115,-1.0,1.6,8.4,-8.7,1.7,263.5,12546
Jed Lowrie,Mets,135,601,526,128,29,1,16,69,60,64,114,4,1,0,0.243,0.327,0.393,0.720,0.315,102,-1.2,-0.5,0.2,0.1,2.0,266.0,4418
Josh Bell,Pirates,109,463,401,108,21,3,14,55,57,55,84,2,4,2,0.270,0.359,0.444,0.803,0.347,119,-1.3,-2.9,9.8,-12.0,1.3,269.4,13145
Francisco Cervelli,Pirates,85,354,301,77,14,2,7,37,36,41,76,7,3,1,0.256,0.357,0.382,0.739,0.328,107,-0.6,-0.3,2.2,6.4,2.0,269.5,5275
Peter Alonso,Mets,114,477,422,102,20,1,23,56,67,43,118,7,2,1,0.241,0.319,0.458,0.777,0.333,114,0.3,0.0,8.4,-9.6,1.4,270.0,sa873981
Kyle Seager,Mariners,142,599,537,130,29,1,23,68,77,49,118,7,3,1,0.242,0.310,0.429,0.739,0.317,104,-1.1,1.0,1.7,3.4,2.6,272.1,9785
Ian Happ,Cubs,109,449,384,89,17,2,18,53,56,56,139,4,8,4,0.232,0.332,0.426,0.758,0.325,103,0.0,-0.9,1.7,-4.2,1.2,272.8,17919
Tucker Barnhart,Reds,117,461,406,100,21,2,9,44,46,44,82,3,3,1,0.247,0.323,0.373,0.696,0.303,86,-1.9,5.1,-9.6,14.9,2.0,273.8,10200
Isiah Kiner-Falefa,Rangers,52,214,193,51,9,1,3,22,20,16,32,3,4,2,0.263,0.325,0.362,0.687,0.303,82,0.0,-0.2,-4.5,2.6,0.5,274.7,16512
Manuel Margot,Padres,122,504,459,119,22,6,11,53,50,34,84,3,15,7,0.259,0.313,0.406,0.718,0.310,95,0.6,2.5,-2.4,4.6,1.9,275.9,14712
Shin-Soo Choo,Rangers,113,513,434,110,20,1,16,69,53,64,118,7,6,2,0.254,0.356,0.418,0.775,0.340,107,-0.4,-0.6,4.2,-13.0,0.8,283.5,3174
Jake Lamb,Diamondbacks,106,451,389,93,21,2,16,52,55,54,116,4,4,2,0.240,0.336,0.431,0.767,0.330,105,0.9,1.3,3.5,-6.2,1.2,283.5,13329
Greg Allen,Indians,77,303,272,68,13,1,4,33,28,20,65,7,15,5,0.249,0.314,0.349,0.663,0.293,79,0.9,0.1,-6.8,-2.9,0.0,287.9,16623
Kyle Tucker,Astros,51,205,185,47,9,1,8,25,26,16,45,2,5,2,0.253,0.317,0.441,0.757,0.325,109,0.2,-0.2,2.3,-2.7,0.7,289.4,18345
Cedric Mullins II,Orioles,112,496,450,116,24,3,13,59,48,35,84,3,13,5,0.258,0.313,0.410,0.723,0.313,96,1.1,-3.5,-1.2,-1.6,1.4,299.7,17929
Jay Bruce,Mariners,94,399,356,83,18,1,16,46,52,37,90,2,2,1,0.234,0.307,0.430,0.736,0.316,103,-0.5,-1.6,1.0,-9.2,0.5,301.0,9892
Brian Anderson,Marlins,114,494,437,114,23,2,12,53,50,43,101,8,3,1,0.260,0.334,0.407,0.741,0.323,107,0.3,-1.4,4.2,0.5,2.1,301.4,18289
Omar Narvaez,Mariners,100,394,344,86,15,1,7,39,38,41,71,3,2,1,0.249,0.332,0.358,0.689,0.305,96,-0.6,-3.4,-2.5,5.0,1.6,303.7,13338
Matt Kemp,Reds,63,264,242,64,14,0,12,32,39,18,64,1,0,0,0.265,0.317,0.469,0.785,0.333,107,-1.1,-1.5,1.0,-7.6,0.2,304.4,5631
Enrique Hernandez,Dodgers,80,331,289,71,15,2,12,40,41,36,66,2,2,1,0.247,0.330,0.439,0.769,0.330,110,0.8,1.2,4.9,-0.3,1.6,306.4,10472
Fernando Tatis Jr.,Padres,76,332,302,70,13,2,10,35,35,24,94,3,9,4,0.233,0.293,0.387,0.680,0.295,85,0.3,0.0,-5.7,3.8,0.9,311.9,sa919910
Niko Goodrum,Tigers,121,494,446,106,23,3,14,52,54,38,128,4,11,4,0.238,0.301,0.392,0.693,0.301,88,0.9,-4.1,-6.2,-2.3,0.8,312.2,12092
Jonathan Lucroy,Angels,72,284,255,65,13,1,6,31,30,22,44,3,1,0,0.254,0.318,0.381,0.699,0.304,94,-1.0,1.6,-3.1,7.5,1.4,314.3,7870
Kevin Pillar,Blue Jays,127,512,475,123,31,1,12,56,56,24,88,6,12,4,0.258,0.299,0.406,0.705,0.304,91,1.8,2.5,-3.8,4.6,1.8,320.4,12434
Scott Schebler,Reds,94,388,346,83,17,1,16,45,51,30,90,7,3,2,0.240,0.312,0.435,0.747,0.321,98,0.5,-4.1,-0.3,-6.4,0.6,324.3,12225
Austin Hedges,Padres,74,295,271,61,12,1,11,29,35,18,77,2,2,1,0.225,0.277,0.400,0.677,0.289,82,-0.2,0.4,-6.8,6.5,0.9,327.3,12976
Steven Souza Jr.,Diamondbacks,100,422,366,88,17,3,15,50,51,46,123,5,8,3,0.239,0.330,0.427,0.757,0.329,104,1.2,-2.0,3.1,-7.0,1.0,328.5,5667
Ryan Zimmerman,Nationals,111,466,419,110,24,1,21,57,69,38,98,4,2,1,0.262,0.328,0.476,0.804,0.344,113,-0.3,-2.1,7.3,-11.5,1.1,330.3,4220
Kevin Kiermaier,Rays,128,557,499,119,21,7,14,64,57,44,130,7,17,6,0.238,0.306,0.395,0.701,0.303,93,2.9,6.7,-2.0,8.8,2.6,332.6,11038
Yonder Alonso,White Sox,106,441,387,93,18,0,17,50,53,46,94,2,1,0,0.240,0.322,0.416,0.738,0.320,103,-0.9,0.1,0.4,-9.8,0.5,333.6,2530
Elias Diaz,Pirates,34,139,127,34,7,0,3,14,15,9,24,1,1,0,0.268,0.318,0.396,0.714,0.310,95,-0.1,-0.1,-1.0,2.7,0.6,333.9,11680
Starlin Castro,Marlins,113,487,450,120,24,2,11,48,51,29,95,3,4,2,0.266,0.312,0.401,0.713,0.308,96,-0.7,-2.7,-2.8,-0.9,1.2,336.5,4579
Kurt Suzuki,Nationals,59,241,218,58,12,0,7,26,30,14,32,6,0,0,0.264,0.322,0.424,0.746,0.323,100,-0.9,-1.2,-1.1,3.7,1.1,341.5,8259
Teoscar Hernandez,Blue Jays,100,416,375,89,20,3,16,48,52,33,120,3,7,4,0.237,0.301,0.435,0.737,0.316,99,0.1,-3.5,-0.4,-9.6,0.4,341.5,13066
Maikel Franco,Phillies,133,542,494,130,25,1,25,64,78,38,80,3,1,1,0.263,0.318,0.473,0.791,0.334,110,-1.1,-3.0,5.2,-1.7,2.1,345.9,12179
Daniel Palka,White Sox,112,475,430,99,16,2,24,56,66,37,150,3,3,2,0.231,0.294,0.445,0.739,0.314,99,-0.1,-3.3,-0.7,-10.0,0.5,350.4,14897
Jeff McNeil,Mets,94,406,370,102,19,4,9,46,42,26,53,5,6,2,0.276,0.329,0.422,0.751,0.324,108,1.3,-0.2,5.1,-4.0,1.4,353.8,15362
Nick Markakis,Braves,137,578,509,140,30,1,11,63,63,58,84,4,2,1,0.274,0.350,0.402,0.751,0.325,102,-1.5,-2.5,-0.4,-9.4,0.9,354.0,5930
Joc Pederson,Dodgers,106,434,372,93,20,1,23,57,63,52,92,6,5,3,0.250,0.348,0.495,0.843,0.359,130,0.7,0.8,16.5,-5.6,2.5,354.9,11899
Delino DeShields,Rangers,88,380,330,79,16,1,5,44,30,41,87,3,19,6,0.239,0.327,0.339,0.666,0.298,79,3.0,0.0,-6.5,1.5,0.8,370.4,11379
Adam Frazier,Pirates,108,465,415,113,23,3,7,53,42,38,67,5,8,4,0.272,0.339,0.394,0.732,0.320,101,0.9,-2.8,1.6,-1.6,1.5,374.3,15223
Adam Jones,,112,497,462,123,23,1,17,59,60,24,86,5,3,1,0.266,0.307,0.430,0.737,0.316,98,0.2,-7.6,-1.0,-5.8,1.0,375.9,6368
Brandon Belt,Giants,135,588,497,125,29,3,19,71,69,79,137,6,4,2,0.253,0.359,0.437,0.795,0.344,118,0.0,6.0,13.1,-5.2,2.7,378.0,10264
Brett Gardner,Yankees,97,414,359,88,15,3,10,53,40,43,78,5,10,3,0.245,0.331,0.385,0.717,0.315,97,2.2,2.0,0.7,-2.2,1.2,380.3,9927
John Hicks,Tigers,76,317,293,72,14,1,8,32,35,18,83,2,2,1,0.248,0.295,0.388,0.683,0.296,85,-0.4,-0.1,-6.2,-7.4,-0.3,380.6,12547
Austin Barnes,Dodgers,72,286,245,57,12,1,6,29,28,33,64,4,5,2,0.233,0.331,0.360,0.691,0.305,93,0.0,0.1,-2.3,6.1,1.3,382.6,12158
Tyler O'Neill,Cardinals,51,212,191,47,8,1,11,26,32,16,64,2,2,1,0.244,0.307,0.472,0.778,0.332,109,0.4,1.3,2.8,-2.3,0.7,384.5,15711
Ryan O'Hearn,Royals,103,426,380,89,19,2,16,47,51,39,116,3,1,1,0.235,0.308,0.420,0.728,0.314,96,-0.2,-1.0,-2.2,-9.8,0.2,385.4,16442
Christin Stewart,Tigers,116,502,440,108,19,3,22,62,66,51,114,5,1,1,0.246,0.328,0.449,0.777,0.335,111,0.1,-2.2,6.8,-8.1,1.6,386.0,17714
Avisail Garcia,Rays,53,228,208,53,9,1,8,26,29,15,55,3,2,1,0.255,0.311,0.422,0.733,0.315,101,-0.1,-0.4,0.0,-5.3,0.2,386.9,5760
Hernan Perez,Brewers,53,219,205,52,10,1,6,23,25,11,44,1,6,2,0.253,0.290,0.394,0.685,0.295,81,0.6,-1.2,-4.5,-2.5,0.0,390.0,5751
Johan Camargo,Braves,101,416,376,98,21,1,12,44,50,32,83,3,1,1,0.261,0.322,0.418,0.740,0.319,97,-0.3,-0.5,-1.7,-0.8,1.1,392.1,14950
Eric Thames,Brewers,63,264,228,54,10,2,13,33,36,30,80,3,4,1,0.236,0.329,0.460,0.789,0.336,109,-0.1,-0.6,2.8,-6.2,0.5,403.5,3711
Didi Gregorius,Yankees,59,245,225,59,11,1,9,30,33,16,33,2,3,1,0.265,0.317,0.446,0.763,0.326,104,0.9,0.4,2.2,3.3,1.4,405.8,6012
Franchy Cordero,Padres,65,277,254,63,11,3,9,30,32,18,87,2,7,3,0.248,0.301,0.423,0.724,0.311,96,0.7,-1.6,-0.6,-2.9,0.6,407.4,14567
Leonys Martin,Indians,88,379,343,85,16,2,10,45,39,27,96,3,11,4,0.248,0.308,0.388,0.696,0.303,86,1.4,2.1,-5.1,3.5,1.1,408.3,11846
Mitch Garver,Twins,52,208,184,46,10,1,5,23,23,19,49,1,1,0,0.248,0.322,0.401,0.723,0.314,95,-0.1,-1.1,-1.2,2.6,0.8,408.4,15161
Jason Kipnis,Indians,109,465,413,102,25,1,12,55,51,42,92,5,6,2,0.248,0.322,0.403,0.724,0.316,94,1.0,-1.2,-2.0,0.6,1.4,410.1,9776
Chris Iannetta,Rockies,76,295,250,62,13,1,10,35,36,36,73,4,1,0,0.249,0.350,0.435,0.785,0.340,98,-1.3,-0.5,-2.2,5.8,1.3,411.8,8267
Keston Hiura,Brewers,5,20,19,5,1,0,0,2,2,1,4,0,0,0,0.258,0.304,0.393,0.697,0.302,86,0.0,0.0,-0.3,0.1,0.0,415.8,sa3004043
Scott Kingery,Phillies,100,409,377,91,18,2,10,40,42,23,94,4,10,4,0.242,0.290,0.380,0.670,0.290,80,1.2,1.9,-8.8,-0.4,0.4,416.5,17975
Luis Urias,Padres,135,599,527,130,24,4,9,64,47,56,120,8,5,2,0.247,0.327,0.356,0.682,0.303,91,0.3,-2.0,-6.5,2.9,1.6,419.0,16622
Jorge Soler,Royals,103,434,376,92,21,1,17,52,52,48,123,5,3,1,0.244,0.334,0.438,0.773,0.335,110,-0.2,-0.1,5.1,-11.9,0.8,421.5,14221
Evan Longoria,Giants,137,585,538,137,29,3,20,63,75,37,111,5,3,2,0.255,0.306,0.430,0.736,0.315,99,0.2,-0.1,-0.7,2.2,2.1,422.1,9368
Justin Bour,Angels,77,323,280,69,12,1,14,41,44,38,78,2,1,0,0.246,0.337,0.446,0.783,0.334,114,-1.7,0.0,3.8,-6.9,0.8,424.2,9744
Tyler Flowers,Braves,82,331,288,71,14,0,9,34,37,29,84,10,1,0,0.248,0.335,0.398,0.733,0.322,99,-0.8,-2.1,-1.0,4.2,1.4,424.3,9134
Eduardo Nunez,Red Sox,60,241,226,64,13,1,6,28,29,10,33,2,6,2,0.284,0.318,0.424,0.743,0.320,96,-0.3,-0.9,-1.3,-1.3,0.6,426.4,6848
Jeimer Candelario,Tigers,139,617,541,130,30,3,19,74,67,62,146,7,3,2,0.239,0.323,0.411,0.733,0.319,100,0.8,1.1,1.1,3.4,2.6,426.8,13621
Alex Verdugo,Dodgers,64,262,237,64,13,0,6,29,29,19,39,2,3,1,0.270,0.326,0.409,0.736,0.319,103,0.3,0.0,1.1,-3.6,0.6,426.8,17027
Ryon Healy,Mariners,84,342,318,80,14,0,14,37,44,18,77,2,1,0,0.251,0.294,0.432,0.726,0.311,100,-0.9,-1.4,-0.7,-8.4,0.2,433.5,15447
Ian Kinsler,Padres,93,414,371,91,18,1,11,48,38,31,61,5,10,4,0.246,0.312,0.388,0.700,0.306,93,0.6,1.9,-3.1,3.1,1.3,434.2,6195
Dansby Swanson,Braves,122,480,425,106,22,3,11,47,51,45,101,3,7,3,0.249,0.322,0.390,0.713,0.303,87,1.2,0.4,-6.6,6.5,1.6,437.6,18314
Wilmer Flores,Diamondbacks,126,533,489,136,29,1,20,62,72,33,66,5,1,1,0.278,0.328,0.466,0.794,0.340,111,-1.6,-4.1,5.5,-2.2,2.1,438.8,5827
Orlando Arcia,Brewers,125,492,452,114,23,2,10,47,50,30,96,3,11,5,0.253,0.301,0.377,0.678,0.293,80,0.6,-0.4,-11.4,5.9,1.0,438.8,13185
Roman Quinn,Phillies,81,331,298,73,12,4,6,36,32,25,82,3,19,7,0.245,0.307,0.373,0.681,0.298,85,1.0,-2.0,-5.0,-1.2,0.4,442.5,13546
Ryan McMahon,Rockies,104,409,369,100,22,3,12,48,51,31,101,3,5,2,0.270,0.330,0.443,0.772,0.331,92,0.6,-1.9,-3.5,-1.5,0.8,444.5,15112
Carson Kelly,Diamondbacks,45,178,157,38,8,1,4,17,18,16,31,2,1,0,0.242,0.317,0.370,0.686,0.301,85,0.0,0.4,-3.2,4.1,0.7,448.5,13620
Ben Zobrist,Cubs,107,457,399,107,23,2,9,53,48,50,62,3,4,2,0.268,0.351,0.406,0.758,0.331,107,-0.3,-0.3,3.7,-3.4,1.5,450.5,7435
Willie Calhoun,Rangers,91,378,346,92,18,1,12,44,47,25,52,3,2,1,0.267,0.320,0.434,0.754,0.323,96,0.2,-1.3,-1.6,-7.6,0.3,454.7,17838
Michael A. Taylor,Nationals,77,311,282,67,14,1,9,32,34,23,94,2,15,5,0.237,0.296,0.387,0.683,0.295,81,1.3,1.1,-6.1,0.9,0.5,460.0,11489
Kole Calhoun,Angels,141,604,531,129,24,3,20,75,68,60,132,5,6,2,0.243,0.324,0.410,0.734,0.319,104,0.5,2.4,3.2,-4.7,1.9,460.2,11200
Ronald Guzman,Rangers,100,396,353,89,16,2,13,45,47,33,92,5,2,1,0.252,0.321,0.417,0.738,0.319,93,0.4,1.6,-2.7,-6.7,0.4,468.2,14388
Brandon Crawford,Giants,141,577,518,132,30,3,14,56,63,48,116,5,5,3,0.255,0.322,0.402,0.725,0.310,96,0.2,3.2,-2.7,10.2,2.7,469.8,5343
Yandy Diaz,Rays,81,338,291,79,13,1,4,35,32,41,67,2,2,1,0.271,0.363,0.371,0.733,0.325,108,-0.2,1.4,2.9,-4.4,1.0,472.3,16578
Yairo Munoz,Cardinals,50,201,183,47,9,1,5,21,22,13,39,2,4,2,0.259,0.312,0.398,0.710,0.305,91,0.1,-1.0,-2.0,-1.4,0.3,474.7,16313
Zack Cozart,Angels,112,491,437,106,21,3,14,60,53,42,82,5,2,1,0.243,0.314,0.400,0.714,0.311,98,-0.2,6.0,-1.2,8.1,2.4,475.0,2616
Keon Broxton,Mets,96,386,339,66,13,2,10,36,36,37,146,3,17,6,0.195,0.279,0.332,0.612,0.271,73,1.0,0.4,-11.9,0.4,0.1,479.2,9253
Aledmys Diaz,Astros,29,117,107,28,6,0,4,14,15,7,18,1,1,1,0.263,0.312,0.435,0.747,0.320,105,-0.2,-0.2,0.5,0.6,0.5,480.3,15937
Brendan Rodgers,Rockies,0,1,1,0,0,0,0,0,0,0,0,0,0,0,0.280,0.323,0.451,0.774,0.332,92,0.0,0.0,0.0,0.0,0.0,481.3,sa874238
Josh Reddick,Astros,99,398,355,93,17,2,12,47,49,36,62,1,5,2,0.262,0.330,0.424,0.754,0.325,109,0.7,-0.9,4.9,-5.9,1.2,481.4,3892
Colin Moran,Pirates,91,368,331,88,15,1,10,38,42,30,74,3,2,1,0.265,0.328,0.407,0.735,0.318,100,-0.7,-2.4,-0.6,-1.3,1.0,482.2,16909
Lewis Brinson,Marlins,122,482,442,104,19,5,14,44,52,29,123,4,6,3,0.234,0.286,0.396,0.682,0.293,86,0.5,-1.3,-7.6,0.8,0.9,482.2,14352
Troy Tulowitzki,Yankees,59,245,222,56,9,1,9,28,31,18,46,2,1,1,0.252,0.311,0.422,0.734,0.317,98,-0.8,-0.5,-1.4,2.4,0.9,483.2,3531
Brian McCann,Braves,50,203,178,41,6,0,8,22,24,19,38,3,1,0,0.229,0.311,0.396,0.707,0.308,90,-0.9,0.3,-3.3,4.4,0.8,483.8,4810
Raimel Tapia,Rockies,52,207,192,55,11,2,4,23,23,11,39,1,6,3,0.284,0.324,0.419,0.743,0.320,84,0.5,-0.8,-3.5,-3.2,0.0,484.0,14350
Nick Ahmed,Diamondbacks,110,446,406,96,21,3,11,43,46,30,88,4,6,3,0.236,0.293,0.379,0.673,0.291,78,0.4,-0.2,-11.5,5.2,0.8,486.6,12147
Steven Duggar,Giants,94,385,344,82,19,2,5,35,32,33,110,2,9,4,0.238,0.307,0.349,0.656,0.288,81,0.7,0.5,-8.2,2.1,0.6,487.3,17719
Carlos Gonzalez,,94,397,359,90,20,1,14,45,52,33,94,2,3,1,0.250,0.314,0.435,0.748,0.320,100,0.0,0.7,0.2,-4.0,0.9,487.6,7287
Bo Bichette,Blue Jays,0,1,1,0,0,0,0,0,0,0,0,0,0,0,0.263,0.311,0.401,0.712,0.308,93,0.0,0.0,0.0,0.0,0.0,492.3,sa917949
Manny Pina,Brewers,24,96,88,22,4,0,2,9,10,6,20,1,1,0,0.251,0.306,0.388,0.695,0.301,85,-0.3,0.9,-2.0,2.9,0.4,497.1,2829
Mitch Moreland,Red Sox,91,384,341,86,20,2,14,48,52,36,88,3,1,1,0.251,0.325,0.442,0.767,0.329,103,-1.2,2.1,0.1,-5.5,0.7,497.9,3086
Nick Williams,Phillies,55,228,207,52,9,2,9,25,29,14,60,3,2,1,0.251,0.307,0.435,0.742,0.318,99,0.0,-1.9,-0.3,-5.2,0.2,498.4,14330
Matt Duffy,Rays,65,286,257,70,13,1,4,32,28,21,49,3,5,2,0.271,0.333,0.378,0.711,0.312,99,-0.2,1.3,-0.6,1.5,1.1,500.7,13836
Mark Trumbo,Orioles,134,573,522,129,22,1,28,68,81,42,144,3,1,0,0.247,0.306,0.454,0.760,0.326,105,-1.5,-0.1,1.8,-15.5,0.5,502.3,6876
Chad Pinder,Athletics,35,145,132,32,6,1,5,17,17,9,39,2,1,0,0.244,0.301,0.409,0.710,0.307,95,-0.1,0.2,-1.0,-0.6,0.3,503.9,15191
Albert Pujols,Angels,97,409,377,94,15,0,16,47,55,26,61,2,1,1,0.249,0.299,0.422,0.721,0.308,97,-2.9,-0.5,-4.6,-9.4,-0.1,504.1,1177
Russell Martin,Dodgers,45,185,157,34,6,0,6,20,20,22,46,3,1,1,0.219,0.325,0.375,0.701,0.311,98,-0.8,0.4,-1.3,4.1,0.9,505.5,4616
Christian Vazquez,Red Sox,72,279,256,65,14,1,4,30,29,16,50,3,4,2,0.256,0.305,0.367,0.672,0.293,79,-0.6,1.3,-7.8,7.3,0.9,506.0,9774
Renato Nunez,Orioles,130,535,485,116,22,1,21,58,66,38,134,5,2,1,0.239,0.299,0.421,0.720,0.311,95,-0.5,2.1,-4.0,3.5,1.8,506.3,14503
Kendrys Morales,Blue Jays,122,515,459,114,22,1,23,63,70,47,111,5,2,1,0.249,0.322,0.450,0.772,0.330,109,-4.0,-0.1,1.3,-14.2,0.4,508.1,8610
Yoenis Cespedes,Mets,22,96,87,22,5,0,5,12,13,8,23,1,1,0,0.253,0.318,0.469,0.786,0.333,114,0.1,-0.1,1.7,-1.4,0.3,509.6,13110
Tim Beckham,Mariners,58,232,211,49,10,1,7,23,25,15,64,2,2,1,0.233,0.289,0.380,0.669,0.291,86,-0.1,-2.4,-3.9,0.0,0.4,513.0,7949
Austin Romine,Yankees,40,155,142,33,7,0,4,16,17,9,37,1,1,0,0.232,0.283,0.371,0.654,0.285,76,-0.2,-0.3,-4.7,3.0,0.4,514.3,5491
Jung Ho Kang,Pirates,37,156,138,37,7,1,6,19,21,13,34,3,2,1,0.265,0.339,0.462,0.800,0.345,118,-0.1,-0.6,3.3,-1.1,0.7,517.8,17182
Franklin Barreto,Athletics,42,170,155,36,7,1,6,19,20,11,53,2,3,1,0.235,0.291,0.398,0.689,0.298,89,0.3,0.0,-2.0,0.0,0.4,518.2,15519
Jake Cave,Twins,50,199,181,45,9,1,5,22,22,13,57,2,2,1,0.249,0.304,0.398,0.703,0.303,88,0.2,-0.4,-2.7,-0.8,0.3,518.8,14477
Kolten Wong,Cardinals,107,424,371,97,20,2,10,44,46,37,64,10,7,3,0.262,0.342,0.406,0.748,0.324,104,1.3,1.2,3.3,3.0,2.0,520.0,12532
Steve Pearce,Red Sox,80,333,293,78,16,1,14,44,48,31,63,5,1,0,0.266,0.344,0.470,0.814,0.350,117,-0.3,0.7,6.5,-6.4,1.1,520.7,9957
Josh Harrison,,94,408,374,96,20,2,9,45,40,21,74,8,5,2,0.258,0.310,0.392,0.702,0.305,90,1.1,-2.0,-3.9,-0.5,0.9,521.3,8202
Jason Heyward,Cubs,121,484,429,115,22,3,10,50,54,45,69,4,4,1,0.269,0.341,0.405,0.745,0.325,103,1.3,7.0,3.1,1.5,2.1,521.5,4940
Greg Bird,Yankees,52,213,186,42,9,1,9,26,28,22,52,2,1,0,0.227,0.315,0.435,0.749,0.324,103,-0.1,0.3,0.5,-4.8,0.3,522.5,14131
Todd Frazier,Mets,73,302,263,57,11,0,13,33,38,31,73,5,4,2,0.218,0.310,0.410,0.719,0.313,101,-0.1,1.1,0.1,-1.8,0.8,522.7,785
Daniel Robertson,Rays,70,288,248,60,12,1,6,31,29,31,65,5,2,1,0.243,0.337,0.375,0.713,0.316,101,0.1,0.4,0.6,1.9,1.2,523.8,14145
Bradley Zimmer,Indians,36,144,128,30,6,1,4,16,15,12,47,2,6,2,0.231,0.303,0.375,0.678,0.296,81,0.6,1.2,-2.6,1.2,0.3,524.8,16221
Travis Jankowski,Padres,33,142,125,30,5,1,1,15,10,13,32,1,6,2,0.242,0.318,0.326,0.644,0.288,81,0.5,-0.1,-2.7,-1.4,0.0,526.4,13768
Dexter Fowler,Cardinals,88,368,314,75,15,2,9,41,39,45,83,4,6,2,0.239,0.341,0.390,0.731,0.322,102,0.9,-3.3,2.0,-7.3,0.7,528.0,4062
Hunter Dozier,Royals,106,436,394,91,21,2,11,43,46,35,128,3,4,2,0.232,0.296,0.384,0.680,0.296,84,-0.6,-3.8,-9.1,-4.5,0.1,528.1,15117
Yangervis Solarte,Giants,54,234,214,55,11,0,6,24,27,16,33,2,1,1,0.256,0.313,0.403,0.716,0.310,96,-0.9,-1.7,-2.2,-3.6,0.2,529.6,5352
Grayson Greiner,Tigers,88,354,316,75,15,1,8,35,35,31,85,2,2,1,0.236,0.307,0.367,0.674,0.296,85,0.2,-0.3,-6.2,7.1,1.3,531.2,17062
Blake Swihart,Red Sox,29,118,107,25,5,0,2,13,12,9,31,1,2,1,0.235,0.300,0.354,0.655,0.288,75,0.2,-0.1,-3.4,0.0,0.1,532.0,13176
Neil Walker,Marlins,91,358,314,78,14,1,11,35,38,36,70,3,1,1,0.249,0.329,0.405,0.734,0.319,104,0.1,1.5,1.6,-5.2,0.8,532.8,7539
Freddy Galvis,Blue Jays,116,466,428,105,22,3,10,49,47,29,95,3,8,3,0.245,0.295,0.379,0.674,0.292,82,0.8,-0.5,-9.1,5.3,1.2,533.4,6609
Clint Frazier,Yankees,25,102,90,22,4,1,4,13,13,9,26,1,2,1,0.244,0.316,0.430,0.746,0.322,101,0.0,-0.4,0.2,-1.7,0.2,533.7,15983
Yolmer Sanchez,White Sox,130,539,488,119,24,6,10,57,51,37,113,5,11,5,0.244,0.302,0.377,0.679,0.296,86,-0.1,0.0,-9.0,2.3,1.1,534.3,11602
Max Stassi,Astros,52,198,174,38,8,0,6,22,22,18,57,3,1,0,0.216,0.296,0.370,0.666,0.293,87,-0.1,-0.1,-3.3,4.2,0.8,536.2,10059
Alex Gordon,Royals,110,456,400,95,19,1,11,48,45,42,110,8,7,3,0.237,0.319,0.375,0.694,0.304,89,0.1,5.0,-5.9,-0.4,0.9,537.3,5209
Matt Adams,Nationals,67,274,248,63,13,1,12,32,39,21,65,2,1,0,0.254,0.316,0.460,0.776,0.330,104,-0.2,0.7,1.2,-5.8,0.4,537.6,9393
Ji-Man Choi,Rays,97,413,358,86,18,1,14,48,51,48,106,3,3,1,0.241,0.334,0.418,0.751,0.327,109,-0.4,0.3,3.9,-10.2,0.8,537.6,5452
Derek Dietrich,Reds,28,118,105,26,5,1,4,14,14,8,29,4,0,0,0.246,0.322,0.415,0.737,0.320,97,0.0,-0.5,-0.4,-2.3,0.1,538.0,10542
J.P. Crawford,Mariners,102,397,343,78,14,3,9,41,39,44,86,4,5,2,0.228,0.320,0.361,0.681,0.302,94,0.3,-2.4,-2.6,2.7,1.3,539.0,15491
Nathaniel Lowe,Rays,59,240,214,57,10,1,9,29,30,21,49,2,1,0,0.265,0.334,0.446,0.780,0.335,114,0.2,0.0,4.3,-5.2,0.7,539.2,sa918283
Austin Hays,Orioles,11,47,44,11,2,0,2,5,6,2,10,0,1,0,0.258,0.292,0.437,0.729,0.312,95,0.0,-0.1,-0.2,-0.6,0.1,541.2,19363
Rowdy Tellez,Blue Jays,10,42,38,10,2,0,1,5,5,3,9,0,0,0,0.256,0.316,0.431,0.748,0.321,102,0.0,-0.1,0.2,-0.9,0.1,542.4,15679
Dustin Fowler,Athletics,41,170,160,42,8,2,4,20,19,7,34,1,6,2,0.262,0.295,0.423,0.718,0.308,95,0.2,-0.1,-0.8,-0.9,0.4,542.6,17098
Brandon Lowe,Rays,74,312,276,70,15,1,11,38,38,29,72,3,4,2,0.253,0.328,0.436,0.764,0.330,111,0.3,0.3,4.4,-0.6,1.4,544.6,18882
Alen Hanson,Giants,13,53,50,12,2,1,1,5,5,3,11,0,2,1,0.249,0.291,0.384,0.675,0.292,84,0.1,-0.1,-0.9,-0.6,0.0,544.7,12926
Dustin Pedroia,Red Sox,101,424,376,102,19,1,8,49,44,40,53,2,4,2,0.272,0.344,0.390,0.733,0.321,98,-1.4,3.3,-2.7,4.2,1.6,545.2,8370
James McCann,White Sox,39,158,144,33,6,0,4,15,16,10,43,2,1,0,0.229,0.286,0.356,0.641,0.281,76,-0.6,1.9,-5.1,5.2,0.5,545.2,12859
Chris Davis,Orioles,105,440,382,78,13,1,20,49,53,48,157,5,2,1,0.203,0.297,0.399,0.696,0.302,89,-0.1,0.0,-6.0,-8.9,0.0,545.6,9272
Kevin Plawecki,Indians,61,243,216,52,11,1,6,26,27,20,49,4,1,0,0.241,0.313,0.385,0.698,0.304,86,-0.5,-0.2,-4.5,4.9,0.9,547.2,13807
David Fletcher,Angels,95,409,380,103,21,2,5,45,39,20,48,4,7,3,0.272,0.312,0.374,0.686,0.299,90,0.7,1.5,-4.0,3.1,1.3,549.9,17992
Matt Wieters,,61,243,216,52,10,0,7,24,27,21,48,2,1,0,0.239,0.311,0.389,0.700,0.303,89,-0.7,0.9,-3.9,6.0,1.0,550.4,4298
Billy McKinney,Blue Jays,102,443,397,96,20,4,16,55,52,37,103,4,3,1,0.242,0.310,0.435,0.746,0.321,102,-0.2,-1.7,0.9,-6.8,0.9,551.3,15654
Addison Russell,Cubs,80,315,279,69,15,1,8,32,36,28,65,3,2,1,0.248,0.321,0.402,0.723,0.313,95,0.6,3.0,-1.4,7.1,1.6,552.5,14106
Chance Sisco,Orioles,60,238,210,49,10,0,5,23,22,20,65,5,1,1,0.236,0.313,0.355,0.668,0.296,84,-0.1,0.7,-4.5,5.7,0.9,554.0,15694
Lonnie Chisenhall,Pirates,60,243,219,57,12,1,6,25,28,18,46,2,2,1,0.259,0.321,0.413,0.734,0.317,99,0.6,-0.4,0.3,-4.3,0.4,557.0,7571
Austin Riley,Braves,18,75,68,17,3,0,3,8,9,5,22,1,0,0,0.249,0.304,0.426,0.730,0.313,93,0.0,0.0,-0.6,-1.0,0.1,557.9,sa874756
Peter O'Brien,Marlins,71,295,266,52,11,1,12,28,34,23,106,2,1,0,0.196,0.263,0.378,0.642,0.277,76,-0.1,-1.3,-8.8,-5.1,-0.5,558.0,13288
Mac Williamson,Giants,95,383,345,78,15,1,13,37,43,29,106,4,3,1,0.226,0.292,0.387,0.679,0.295,85,0.0,-1.1,-6.8,-6.0,-0.1,559.4,14158
Tyler Austin,Twins,43,175,157,37,8,1,8,21,23,15,55,1,1,1,0.239,0.306,0.442,0.748,0.321,100,0.1,0.0,0.0,-3.7,0.2,560.2,11850
Chris Owings,Royals,74,306,282,71,17,1,5,31,29,18,65,2,9,3,0.252,0.300,0.379,0.679,0.293,81,0.7,-0.2,-6.1,1.0,0.5,560.5,10030
Evan Gattis,,97,392,355,87,17,0,20,45,56,28,85,4,1,1,0.245,0.306,0.463,0.769,0.327,105,-1.2,0.0,1.3,-11.3,0.3,562.0,11003
Albert Almora Jr.,Cubs,112,449,414,113,24,1,9,45,48,25,75,3,3,1,0.272,0.314,0.399,0.713,0.308,92,-0.5,1.0,-5.0,2.3,1.2,562.5,14109
Tom Murphy,Rockies,15,60,55,12,3,0,2,6,7,4,20,1,1,0,0.228,0.280,0.415,0.695,0.297,69,0.0,-0.3,-2.2,1.0,0.1,565.3,13499
Jarrod Dyson,Diamondbacks,50,204,181,46,8,2,2,21,18,17,32,3,11,3,0.253,0.324,0.359,0.684,0.300,85,1.3,2.4,-2.5,0.2,0.4,565.6,4866
Joe Panik,Giants,119,513,457,126,25,3,9,56,48,44,48,5,5,2,0.276,0.343,0.401,0.744,0.323,104,-0.1,-0.3,2.7,1.7,2.1,566.5,11936
Adam Duvall,Braves,61,255,231,52,12,1,10,27,33,18,67,3,2,1,0.225,0.288,0.414,0.702,0.301,86,0.4,0.7,-4.1,-4.6,-0.1,567.0,10950
Martin Maldonado,,61,237,214,48,10,1,6,22,25,13,57,6,1,0,0.225,0.286,0.362,0.648,0.283,75,-0.5,2.4,-7.6,7.5,0.8,570.5,6887
Miguel Rojas,Marlins,51,209,191,50,9,1,3,18,19,12,27,3,2,1,0.262,0.313,0.365,0.678,0.295,88,-0.4,0.2,-3.5,1.7,0.5,570.8,7802
Jo Adell,Angels,0,1,1,0,0,0,0,0,0,0,0,0,0,0,0.242,0.290,0.409,0.698,0.301,92,0.0,0.0,0.0,0.0,0.0,571.4,sa3004837
Jedd Gyorko,Cardinals,76,311,277,68,12,1,11,35,39,29,65,2,2,1,0.248,0.321,0.422,0.743,0.322,103,-0.8,-1.7,0.2,-2.6,0.8,572.2,10816
Travis d'Arnaud,Mets,48,192,173,42,9,1,7,19,23,14,35,2,1,0,0.241,0.302,0.410,0.712,0.307,96,-0.3,-1.1,-1.2,2.9,0.8,573.1,7739
Charlie Culberson,Braves,34,136,125,30,6,1,3,13,14,8,33,1,2,1,0.236,0.286,0.361,0.647,0.278,70,0.1,-0.5,-4.8,-2.2,-0.3,573.3,3298
Brock Holt,Red Sox,65,257,225,58,13,1,4,28,26,25,51,3,5,2,0.260,0.340,0.376,0.716,0.315,94,0.3,-0.5,-1.7,-0.4,0.7,575.2,9345
Alex Kirilloff,Twins,0,1,1,0,0,0,0,0,0,0,0,0,0,0,0.260,0.296,0.401,0.697,0.300,86,0.0,0.0,0.0,0.0,0.0,575.2,sa917929
Brandon Drury,Blue Jays,83,331,298,73,18,1,8,34,35,25,78,3,2,1,0.244,0.307,0.391,0.698,0.303,90,-0.5,-1.5,-4.5,-1.2,0.5,576.4,11615
Nick Martini,Athletics,55,237,207,51,9,2,3,27,19,25,52,2,2,1,0.245,0.330,0.350,0.680,0.302,92,0.2,-0.1,-2.2,-2.7,0.3,576.8,12005
Victor Caratini,Cubs,38,153,137,36,8,0,3,16,17,12,30,2,1,0,0.262,0.328,0.397,0.724,0.316,97,0.1,0.1,-0.5,1.9,0.6,577.0,14968
Adam Engel,White Sox,92,357,324,71,14,2,7,35,32,22,104,5,12,5,0.218,0.278,0.338,0.616,0.271,69,1.5,-1.0,-11.6,0.5,0.1,577.8,15082
Curtis Granderson,Marlins,93,408,348,77,16,2,12,45,38,51,102,4,3,1,0.222,0.326,0.381,0.707,0.311,98,0.0,-2.5,-0.8,-7.1,0.5,578.2,4747
Devon Travis,Blue Jays,81,323,299,79,18,2,9,38,37,16,57,3,4,2,0.264,0.305,0.424,0.730,0.313,97,0.4,-2.8,-0.7,-1.4,0.9,579.8,13862
D.J. Stewart,Orioles,75,308,271,65,12,1,10,34,34,29,69,4,7,3,0.240,0.320,0.402,0.722,0.314,97,0.4,0.2,-0.7,-3.9,0.6,581.5,17766
Leury Garcia,White Sox,50,208,192,49,8,2,4,21,20,10,48,3,6,2,0.253,0.296,0.370,0.666,0.290,82,0.2,-1.1,-4.2,-1.9,0.1,581.9,5913
Matt Davidson,Rangers,24,101,91,20,4,0,4,11,12,8,33,1,0,0,0.220,0.293,0.400,0.693,0.301,81,-0.2,-0.4,-2.5,-1.9,-0.1,582.6,7226
Austin Wynns,Orioles,72,280,253,60,10,1,6,28,27,19,59,3,1,1,0.238,0.296,0.358,0.655,0.287,79,-0.2,0.5,-7.3,6.5,0.9,583.3,15271
Richie Martin,Orioles,42,169,154,36,7,1,2,16,14,11,31,2,5,2,0.237,0.296,0.338,0.634,0.279,73,0.2,0.0,-5.4,1.9,0.2,583.7,sa659080
Carter Kieboom,Nationals,3,13,12,3,1,0,0,1,1,1,3,0,0,0,0.259,0.315,0.394,0.709,0.309,90,0.0,0.0,-0.2,0.1,0.0,584.4,sa917937
JaCoby Jones,Tigers,100,409,371,83,17,3,10,42,41,26,124,6,11,5,0.225,0.284,0.370,0.654,0.285,77,0.9,1.5,-10.4,3.2,0.6,585.3,14818
Nick Hundley,Athletics,15,61,56,13,3,0,2,6,7,4,16,0,0,0,0.236,0.288,0.392,0.680,0.292,85,-0.2,-0.3,-1.3,0.9,0.2,586.3,3376
Kevan Smith,Angels,39,159,146,39,7,0,3,17,17,9,26,2,1,0,0.264,0.311,0.384,0.696,0.303,93,-0.4,-1.4,-1.6,1.9,0.6,586.7,12284
Jordy Mercer,Tigers,88,351,313,79,17,2,7,37,36,29,61,4,2,1,0.252,0.320,0.390,0.710,0.304,90,0.2,-2.8,-4.1,1.7,0.9,586.8,6547
Wilmer Difo,Nationals,47,185,167,42,7,2,3,17,18,14,34,1,4,1,0.249,0.309,0.362,0.670,0.290,78,0.4,0.4,-4.7,0.5,0.2,586.8,14320
Jason Castro,Twins,88,339,295,65,15,1,9,37,34,36,98,3,2,1,0.219,0.308,0.363,0.671,0.296,83,-0.7,1.4,-7.6,8.7,1.3,587.2,8722
Tyler Naquin,Indians,100,395,356,93,19,2,10,44,45,30,101,4,5,2,0.262,0.322,0.408,0.730,0.316,95,0.8,-0.6,-1.7,-6.8,0.5,587.7,13359
Phillip Ervin,Reds,37,146,129,31,6,1,4,15,16,13,35,2,5,2,0.236,0.312,0.385,0.697,0.304,87,0.4,-1.1,-1.9,-2.8,0.0,587.8,14738
Gerardo Parra,Giants,75,308,284,73,16,1,5,28,30,17,58,3,5,2,0.258,0.305,0.368,0.673,0.292,84,-0.5,0.1,-6.6,-4.2,-0.1,587.9,8553
Brett Phillips,Royals,88,350,312,66,12,4,8,33,33,31,121,2,6,2,0.212,0.285,0.349,0.634,0.277,71,0.7,6.4,-11.6,2.2,0.2,587.9,14735
David Bote,Cubs,40,158,142,35,7,1,5,16,19,12,39,2,2,1,0.246,0.311,0.409,0.719,0.311,93,0.1,-0.6,-1.2,-1.9,0.2,588.5,14593
Tony Kemp,Astros,75,285,255,68,11,2,4,33,28,24,38,2,9,3,0.267,0.332,0.372,0.705,0.310,98,-0.1,-1.8,-0.7,-3.4,0.5,588.7,14894
Yusniel Diaz,Orioles,0,1,1,0,0,0,0,0,0,0,0,0,0,0,0.254,0.327,0.392,0.719,0.314,97,0.0,0.0,0.0,0.0,0.0,589.8,sa912848
Cory Spangenberg,Brewers,18,75,68,17,3,1,2,8,8,6,21,1,1,1,0.245,0.306,0.383,0.688,0.300,85,0.3,-0.2,-1.1,-1.3,0.0,590.0,12294
Jon Jay,White Sox,46,204,183,46,8,2,2,21,15,13,38,4,2,1,0.252,0.316,0.340,0.655,0.291,83,-0.1,-0.3,-4.3,-1.4,0.1,590.6,5227
Kevin Newman,Pirates,55,215,199,53,11,1,2,19,19,12,29,2,7,3,0.268,0.311,0.358,0.670,0.292,83,0.1,-1.1,-4.4,1.5,0.4,590.7,17696
J.T. Riddle,Marlins,88,358,331,82,14,3,7,31,34,21,70,1,3,1,0.248,0.293,0.370,0.662,0.287,82,-0.2,0.1,-7.9,4.5,0.8,590.8,17642
David Freese,Dodgers,45,187,165,41,7,1,5,20,22,16,49,4,0,0,0.246,0.324,0.396,0.719,0.313,99,-0.8,0.6,-1.0,-3.4,0.2,591.9,9549
Austin Dean,Marlins,77,313,286,76,14,2,8,30,33,20,54,3,2,1,0.267,0.320,0.413,0.733,0.317,103,0.3,-1.2,1.3,-5.2,0.6,592.1,18288
Andrew Knizner,Cardinals,28,118,108,28,6,0,2,12,12,7,17,1,1,0,0.263,0.312,0.380,0.692,0.301,89,0.1,0.0,-1.5,2.4,0.5,592.1,sa857827
Ke'Bryan Hayes,Pirates,3,13,12,3,1,0,0,1,1,1,3,0,0,0,0.257,0.317,0.370,0.688,0.302,89,0.0,0.0,-0.2,0.1,0.0,592.2,sa874730
Jordan Luplow,Indians,88,368,326,80,17,2,12,44,43,33,74,4,6,2,0.245,0.319,0.416,0.735,0.318,96,-0.2,1.1,-2.0,-3.3,0.7,592.3,16424
Mark Canha,Athletics,39,162,144,35,8,0,5,19,19,12,39,3,1,0,0.241,0.311,0.415,0.726,0.313,99,0.0,-0.5,-0.2,-2.1,0.3,592.5,11445
Curt Casali,Reds,9,34,30,7,1,0,1,3,4,3,8,0,0,0,0.231,0.308,0.377,0.685,0.299,84,-0.1,0.0,-0.7,0.7,0.1,592.8,12510
Josh Phegley,Athletics,72,280,253,58,14,1,7,30,30,19,63,4,2,1,0.228,0.289,0.381,0.670,0.290,84,-0.3,0.3,-5.8,6.3,1.0,592.9,9308
Jose Iglesias,,94,370,342,90,21,1,5,36,35,19,45,4,9,4,0.263,0.307,0.372,0.679,0.296,84,0.4,2.4,-6.7,7.2,1.3,593.2,10231
Erik Gonzalez,Pirates,83,338,316,81,16,2,6,33,34,14,85,3,6,3,0.257,0.292,0.381,0.673,0.291,82,0.4,-3.2,-7.0,-0.1,0.4,593.2,13369
Jose Pirela,Padres,12,49,45,12,2,0,1,5,5,3,9,0,1,0,0.260,0.312,0.390,0.703,0.305,92,-0.1,0.1,-0.5,-0.5,0.1,593.4,5485
Patrick Wisdom,Rangers,16,65,59,13,3,0,2,7,7,5,21,1,1,0,0.224,0.289,0.388,0.677,0.294,76,0.1,0.0,-1.8,-0.5,0.0,593.4,13602
Aramis Garcia,Giants,8,30,28,6,1,0,1,3,3,2,9,0,0,0,0.220,0.267,0.352,0.619,0.269,69,0.0,0.0,-1.2,0.6,0.0,593.4,16925
Sean Murphy,Athletics,0,1,1,0,0,0,0,0,0,0,0,0,0,0,0.238,0.297,0.378,0.674,0.293,85,0.0,0.0,0.0,0.0,0.0,593.7,sa873680
Martin Prado,Marlins,62,270,248,65,13,1,4,26,24,17,42,2,2,1,0.261,0.312,0.369,0.681,0.298,90,-0.7,1.3,-4.2,-3.8,0.1,593.8,3312
Roberto Perez,Indians,56,216,188,40,9,1,5,23,22,24,64,1,2,1,0.213,0.304,0.355,0.659,0.292,78,-0.4,1.5,-6.0,6.1,0.7,594.0,2900
Howie Kendrick,Nationals,34,146,132,37,7,0,3,17,16,10,29,2,3,1,0.280,0.335,0.410,0.745,0.323,100,-0.1,0.0,-0.2,-2.2,0.2,594.2,4229
Yordan Alvarez,Astros,0,1,1,0,0,0,0,0,0,0,0,0,0,0,0.242,0.307,0.413,0.720,0.311,99,0.0,0.0,0.0,0.0,0.0,594.2,sa943524
Daz Cameron,Tigers,0,1,1,0,0,0,0,0,0,0,0,0,0,0,0.237,0.295,0.368,0.663,0.290,80,0.0,0.0,0.0,0.0,0.0,594.2,sa874736
Ryan Mountcastle,Orioles,0,1,1,0,0,0,0,0,0,0,0,0,0,0,0.255,0.290,0.393,0.682,0.294,83,0.0,0.0,0.0,0.0,0.0,594.3,sa874734
Ben Gamel,Brewers,27,111,99,26,5,1,2,12,11,9,23,1,2,1,0.267,0.333,0.393,0.725,0.316,95,0.2,-0.3,-0.4,-1.9,0.1,594.4,12160
Christian Walker,Diamondbacks,37,144,130,31,6,1,5,16,18,10,40,1,1,0,0.239,0.298,0.425,0.724,0.311,92,0.0,0.2,-1.4,-3.4,0.0,594.5,13419
Daniel Descalso,Cubs,50,205,176,40,9,1,5,22,22,25,50,2,1,0,0.230,0.330,0.374,0.704,0.311,93,0.2,-1.3,-1.4,-2.7,0.2,594.5,8392
Chris Herrmann,Athletics,34,135,117,25,5,1,3,14,14,15,36,1,1,0,0.217,0.307,0.365,0.672,0.296,87,0.2,0.4,-1.9,3.2,0.6,595.3,9284
Ehire Adrianza,Twins,46,177,160,40,9,1,3,19,17,13,36,1,3,1,0.253,0.312,0.373,0.685,0.299,85,0.2,0.3,-3.1,1.4,0.4,595.4,8418
Rajai Davis,Mets,5,20,19,4,1,0,0,2,2,1,5,0,1,0,0.223,0.278,0.327,0.606,0.267,70,0.1,-0.2,-0.6,-0.1,0.0,595.5,3708
Sandy Leon,Red Sox,39,153,139,31,7,0,3,16,16,11,39,1,1,0,0.225,0.286,0.346,0.632,0.277,68,-0.4,0.8,-6.3,4.1,0.3,596.0,5273
Christian Arroyo,Rays,8,33,31,8,2,0,1,3,3,2,7,0,0,0,0.261,0.308,0.386,0.693,0.301,91,0.0,0.0,-0.4,0.1,0.1,596.1,16434
Zack Collins,White Sox,3,12,10,2,0,0,0,1,1,2,4,0,0,0,0.205,0.317,0.360,0.677,0.301,90,0.0,0.0,-0.1,0.3,0.1,596.4,sa738390
Mark Reynolds,Rockies,0,1,1,0,0,0,0,0,0,0,0,0,0,0,0.247,0.328,0.440,0.768,0.332,92,0.0,0.0,0.0,0.0,0.0,596.6,7619
Michael Perez,Rays,35,137,125,29,6,0,3,13,14,9,31,1,1,0,0.234,0.288,0.355,0.643,0.281,77,0.0,0.4,-3.7,3.3,0.4,596.6,12977
Melky Cabrera,Pirates,33,142,131,37,8,0,3,15,16,9,19,1,1,0,0.282,0.329,0.420,0.749,0.324,104,-0.6,-0.7,0.1,-3.6,0.1,597.0,4022
Denard Span,,65,285,254,66,12,3,7,34,28,25,44,3,5,2,0.258,0.328,0.406,0.734,0.320,100,0.5,-1.9,0.6,-5.1,0.5,597.0,8347
Cavan Biggio,Blue Jays,0,1,1,0,0,0,0,0,0,0,0,0,0,0,0.223,0.315,0.382,0.696,0.304,91,0.0,0.0,0.0,0.0,0.0,597.1,sa738582
Alcides Escobar,Orioles,53,215,201,49,9,1,2,19,18,9,34,2,3,1,0.245,0.283,0.336,0.619,0.270,67,0.5,-0.7,-8.1,1.9,0.1,597.1,6310
Devin Mesoraco,Mets,8,30,27,6,1,0,1,3,4,3,6,0,0,0,0.225,0.307,0.404,0.711,0.308,97,0.0,-0.1,-0.1,0.6,0.1,597.5,5666
Yu Chang,Indians,2,7,6,1,0,0,0,1,1,0,2,0,0,0,0.217,0.280,0.360,0.640,0.279,70,0.0,0.0,-0.2,0.1,0.0,597.5,sa830276
Myles Straw,Astros,2,7,6,2,0,0,0,1,1,1,1,0,0,0,0.253,0.328,0.338,0.666,0.297,89,0.0,0.0,-0.1,-0.1,0.0,597.7,17620
Christian Villanueva,,0,1,1,0,0,0,0,0,0,0,0,0,0,0,0.231,0.291,0.410,0.700,0.303,89,0.0,0.0,0.0,0.0,0.0,597.8,11738
Keibert Ruiz,Dodgers,6,25,23,6,1,0,1,2,3,1,3,0,0,0,0.253,0.299,0.378,0.678,0.294,86,0.0,0.0,-0.4,0.5,0.1,597.8,sa872528
Brian Goodwin,Royals,53,219,196,46,10,1,6,23,22,18,60,2,4,2,0.233,0.299,0.385,0.684,0.298,85,0.0,-0.3,-4.0,-2.6,0.1,598.0,12858
J.D. Davis,Mets,20,80,73,17,3,0,3,8,9,6,20,1,0,0,0.240,0.302,0.406,0.709,0.306,96,0.0,0.1,-0.4,-1.1,0.1,598.1,16219
Spencer Kieboom,Nationals,3,12,10,2,0,0,0,1,1,1,2,0,0,0,0.239,0.313,0.349,0.662,0.293,80,0.0,0.0,-0.3,0.3,0.0,598.1,13300
Oscar Mercado,Indians,16,67,61,14,3,0,1,7,6,4,13,1,3,1,0.237,0.293,0.339,0.633,0.278,69,0.0,0.0,-2.5,-0.6,-0.1,598.2,sa737612
Mike Tauchman,Rockies,23,91,81,22,4,1,2,10,10,8,18,1,2,1,0.267,0.331,0.400,0.731,0.318,83,0.0,-0.2,-1.8,-1.4,0.0,598.5,15274
Dan Vogelbach,Mariners,43,179,153,38,7,0,7,21,22,23,40,1,0,0,0.247,0.347,0.426,0.773,0.336,117,-0.2,0.1,3.5,-4.3,0.5,598.6,14130
Ty France,Padres,2,7,6,1,0,0,0,1,1,0,1,0,0,0,0.239,0.303,0.375,0.678,0.296,87,0.0,0.0,-0.1,0.0,0.0,598.6,sa876140
Luke Maile,Blue Jays,33,127,114,25,6,0,2,12,12,9,33,1,1,0,0.220,0.283,0.340,0.623,0.274,70,0.0,0.0,-4.5,2.8,0.3,598.6,13355
Andrew Toles,Dodgers,26,106,98,25,5,0,2,11,11,5,23,1,2,1,0.252,0.294,0.388,0.681,0.294,86,0.2,0.3,-1.6,-1.1,0.1,598.7,13414
Jorge Mateo,Athletics,3,13,12,3,0,0,0,1,1,1,4,0,1,0,0.221,0.266,0.333,0.599,0.261,63,0.0,0.0,-0.5,0.2,0.0,598.7,sa657910
Nick Gordon,Twins,8,33,30,7,1,0,0,3,3,2,7,0,1,0,0.247,0.293,0.349,0.642,0.280,72,0.0,0.0,-1.1,0.2,0.0,598.8,sa828662
Wander Franco,Rays,0,1,1,0,0,0,0,0,0,0,0,0,0,0,0.185,0.216,0.252,0.469,0.206,27,0.0,0.0,-0.1,0.0,0.0,598.8,sa3007033
Lucas Duda,Twins,0,1,1,0,0,0,0,0,0,0,0,0,0,0,0.237,0.321,0.448,0.769,0.329,105,0.0,0.0,0.0,0.0,0.0,598.9,2502
Jorge Bonifacio,Royals,25,108,96,23,5,1,3,11,11,9,28,1,0,0,0.238,0.310,0.385,0.694,0.303,88,0.1,0.0,-1.4,-2.6,0.0,599.0,12174
Vidal Brujan,Rays,0,1,1,0,0,0,0,0,0,0,0,0,0,0,0.233,0.289,0.323,0.612,0.271,70,0.0,0.0,0.0,0.0,0.0,599.0,sa872786
Michael Chavis,Red Sox,3,13,12,3,1,0,1,2,2,1,3,0,0,0,0.248,0.300,0.439,0.739,0.317,94,0.0,0.0,-0.1,-0.1,0.0,599.1,sa828673
Taylor Trammell,Reds,0,1,1,0,0,0,0,0,0,0,0,0,0,0,0.211,0.282,0.318,0.600,0.267,62,0.0,0.0,0.0,0.0,0.0,599.2,sa917943
Chad Wallach,Marlins,28,115,103,21,5,0,2,9,10,9,34,1,1,0,0.205,0.277,0.323,0.601,0.266,68,0.1,-0.1,-4.4,2.3,0.2,599.2,17161
Reese McGuire,Blue Jays,23,89,80,18,3,0,2,9,9,7,19,1,1,0,0.228,0.292,0.352,0.644,0.283,76,0.1,-0.3,-2.4,1.6,0.2,599.3,15674
Alex Avila,Diamondbacks,71,288,238,50,10,1,8,30,28,44,99,2,1,0,0.211,0.337,0.359,0.695,0.310,91,-1.1,1.4,-4.2,4.1,0.9,599.4,7476
Mauricio Dubon,Brewers,11,47,43,11,2,0,1,5,5,3,8,0,2,1,0.252,0.296,0.364,0.660,0.288,77,0.1,0.0,-1.3,0.6,0.1,599.4,sa738378
Mikie Mahtook,Tigers,88,368,334,81,13,5,11,40,41,25,95,4,5,2,0.244,0.303,0.411,0.714,0.307,92,0.2,0.1,-3.1,-7.5,0.2,599.5,13130
Logan Morrison,,88,371,322,73,14,1,16,43,49,41,88,4,2,1,0.226,0.319,0.425,0.744,0.322,102,-0.2,-0.4,0.5,-7.7,0.5,599.6,9205
Austin Slater,Giants,79,323,289,74,14,1,6,31,32,26,80,4,6,2,0.257,0.324,0.378,0.701,0.307,94,0.3,0.2,-2.2,-3.9,0.4,599.7,16153
Taylor Ward,Angels,24,97,86,21,3,0,3,10,11,9,23,1,1,1,0.242,0.316,0.377,0.692,0.304,94,0.1,0.2,-0.7,0.0,0.3,599.8,17548
Cameron Maybin,Giants,27,111,98,24,5,1,2,11,10,11,23,1,4,1,0.247,0.326,0.357,0.683,0.302,90,0.2,-0.9,-1.1,-0.9,0.2,599.8,5223
A.J. Reed,Astros,10,40,35,8,1,0,2,5,5,4,12,0,0,0,0.216,0.296,0.399,0.695,0.301,92,0.0,0.0,-0.4,-1.1,0.0,599.8,16246
Hunter Pence,Athletics,0,1,1,0,0,0,0,0,0,0,0,0,0,0,0.259,0.312,0.403,0.715,0.309,96,0.0,0.0,0.0,0.0,0.0,600.0,8252
Carlos Gomez,,65,269,239,55,12,1,8,28,29,19,76,8,6,2,0.229,0.303,0.385,0.688,0.301,88,0.3,-0.3,-3.8,-3.5,0.1,600.0,4881
Chris Shaw,Giants,27,108,99,22,5,0,3,10,12,6,35,1,0,0,0.225,0.277,0.384,0.661,0.286,79,0.1,-0.2,-2.7,-1.7,-0.1,600.0,17738
Royce Lewis,Twins,0,1,1,0,0,0,0,0,0,0,0,0,0,0,0.237,0.281,0.347,0.628,0.274,68,0.0,0.0,0.0,0.0,0.0,600.0,sa3004259
Robbie Grossman,Athletics,38,160,136,34,8,0,3,18,16,21,32,1,1,0,0.252,0.354,0.378,0.732,0.325,107,-0.2,-1.4,1.2,-3.6,0.3,600.1,5254
Will Smith,Dodgers,0,1,1,0,0,0,0,0,0,0,0,0,0,0,0.200,0.274,0.338,0.612,0.270,70,0.0,0.0,0.0,0.0,0.0,600.1,sa873265
Hanley Ramirez,,0,1,1,0,0,0,0,0,0,0,0,0,0,0,0.249,0.316,0.428,0.744,0.320,100,0.0,0.0,0.0,0.0,0.0,600.2,8001
Tony Wolters,Rockies,50,196,170,41,8,2,3,19,18,20,38,2,2,1,0.240,0.327,0.358,0.685,0.299,70,0.1,0.4,-7.0,4.6,0.4,600.2,11470
Matt Thaiss,Angels,8,33,30,7,1,0,1,4,3,2,7,0,0,0,0.243,0.300,0.377,0.677,0.295,87,0.0,0.0,-0.5,-0.7,0.0,600.2,sa738522
Cam Gallagher,Royals,28,112,102,25,5,0,2,11,10,8,19,1,1,0,0.250,0.305,0.363,0.668,0.293,81,-0.1,0.0,-2.6,2.4,0.4,600.2,12981
Juan Lagares,Mets,71,277,255,65,13,2,4,25,27,15,57,3,6,2,0.253,0.300,0.369,0.669,0.290,85,0.7,1.6,-4.4,2.2,0.7,600.3,5384
Andrew Knapp,Phillies,23,90,78,17,3,0,2,8,8,10,27,1,1,0,0.217,0.305,0.342,0.647,0.285,77,0.1,-0.9,-2.5,1.0,0.1,600.4,14942
Victor Reyes,Tigers,39,157,148,39,6,2,2,15,15,6,28,1,5,2,0.261,0.294,0.362,0.655,0.284,77,0.2,-0.2,-4.2,-0.3,0.1,600.4,15487
Nicky Lopez,Royals,0,1,1,0,0,0,0,0,0,0,0,0,0,0,0.265,0.323,0.364,0.687,0.302,88,0.0,0.0,0.0,0.0,0.0,600.5,sa918022
Andres Gimenez,Mets,0,1,1,0,0,0,0,0,0,0,0,0,0,0,0.233,0.282,0.334,0.617,0.271,72,0.0,0.0,0.0,0.0,0.0,600.5,sa917114
Nicky Delmonico,White Sox,45,190,168,40,8,1,6,21,21,18,44,2,1,1,0.237,0.315,0.408,0.723,0.313,98,-0.1,-0.4,-0.5,-3.1,0.3,600.6,13157
Pablo Sandoval,Giants,26,102,93,23,4,0,3,10,11,7,21,1,0,0,0.241,0.296,0.390,0.687,0.297,87,-0.4,-0.2,-2.0,-2.1,-0.1,600.6,5409
Luis Rengifo,Angels,5,20,18,4,1,0,0,2,2,2,3,0,1,0,0.248,0.312,0.357,0.669,0.294,87,0.0,0.0,-0.3,0.1,0.0,600.6,sa826671
Caleb Joseph,Diamondbacks,8,29,27,6,1,0,1,3,3,2,7,0,0,0,0.226,0.272,0.353,0.625,0.272,66,0.0,0.1,-1.3,0.7,0.0,600.6,7087
Kevin Cron,Diamondbacks,15,61,56,13,3,0,2,6,7,4,17,1,0,0,0.238,0.290,0.417,0.708,0.304,87,0.0,0.0,-0.9,-1.0,0.0,600.8,sa597807
Jeff Mathis,Rangers,72,280,253,56,12,1,4,26,25,21,79,2,1,1,0.223,0.285,0.331,0.617,0.271,61,-0.7,2.4,-13.9,8.3,0.4,600.8,3448
Matt Joyce,Indians,0,1,1,0,0,0,0,0,0,0,0,0,0,0,0.237,0.340,0.418,0.759,0.331,105,0.0,0.0,0.0,0.0,0.0,601.0,3353
Alex Blandino,Reds,31,122,107,25,6,0,2,12,12,12,30,2,1,1,0.231,0.315,0.359,0.674,0.298,83,0.0,-0.7,-2.6,-0.3,0.1,601.0,16271
